id,topic,payload,timestamp
1,v3/sensors-openlab@ttn/devices/eui-24e124128c147204/up,"{""end_device_ids"": {""device_id"": ""eui-24e124128c147204"", ""application_ids"": {""application_id"": ""sensors-openlab""}, ""dev_eui"": ""24E124128C147204"", ""join_eui"": ""24E124C0002A0001"", ""dev_addr"": ""260B31B3""}, ""correlation_ids"": [""gs:uplink:01HYJ40ACDXGCJM2MS08M800F4""], ""received_at"": ""2024-05-23T07:00:19.678981828Z"", ""uplink_message"": {""session_key_id"": ""AY58dG5gIcXQKX+SHYLbBQ=="", ""f_port"": 85, ""f_cnt"": 8346, ""frm_payload"": ""A2fcAARogAZlCAAIAAIABWoHAAd9xQMIfZAACXPXJg=="", ""decoded_payload"": {""activity"": 7, ""co2"": 965, ""humidity"": 64, ""illumination"": 8, ""infrared"": 2, ""infrared_and_visible"": 8, ""pressure"": 994.3, ""temperature"": 22, ""tvoc"": 144}, ""rx_metadata"": [{""gateway_ids"": {""gateway_id"": ""openlabs-cephis-gw1"", ""eui"": ""FCC23DFFFE0AB30E""}, ""time"": ""2024-05-23T07:00:55.975090026Z"", ""timestamp"": 343502044, ""rssi"": -110, ""channel_rssi"": -110, ""snr"": -6.5, ""location"": {""latitude"": 41.500425927352076, ""longitude"": 2.111405432224274, ""altitude"": 152, ""source"": ""SOURCE_REGISTRY""}, ""uplink_token"": ""CiEKHwoTb3BlbmxhYnMtY2VwaGlzLWd3MRII/MI9//4Ksw4Q3NnlowEaDAiD07uyBhC+0OHfASDg9sTS//SDAQ=="", ""received_at"": ""2024-05-23T07:00:19.449343890Z""}], ""settings"": {""data_rate"": {""lora"": {""bandwidth"": 125000, ""spreading_factor"": 8, ""coding_rate"": ""4/5""}}, ""frequency"": ""868300000"", ""timestamp"": 343502044, ""time"": ""2024-05-23T07:00:55.975090026Z""}, ""received_at"": ""2024-05-23T07:00:19.470801704Z"", ""consumed_airtime"": ""0.164352s"", ""network_ids"": {""net_id"": ""000013"", ""ns_id"": ""EC656E0000000181"", ""tenant_id"": ""ttn"", ""cluster_id"": ""eu1"", ""cluster_address"": ""eu1.cloud.thethings.network""}}}",2024-05-23 07:00:19
2,v3/sensors-openlab@ttn/devices/am3019-testqc2090/up,"{""end_device_ids"": {""device_id"": ""am3019-testqc2090"", ""application_ids"": {""application_id"": ""sensors-openlab""}, ""dev_eui"": ""24E124710C409707"", ""join_eui"": ""24E124C0002A0001"", ""dev_addr"": ""260B5185""}, ""correlation_ids"": [""gs:uplink:01HYJ410QTWMK9DHMBEHH08X0A""], ""received_at"": ""2024-05-23T07:00:42.574344744Z"", ""uplink_message"": {""session_key_id"": ""AY8hdRVlEBGORKzEZVWHOg=="", ""f_cnt"": 4845, ""rx_metadata"": [{""gateway_ids"": {""gateway_id"": ""openlabs-cephis-gw1"", ""eui"": ""FCC23DFFFE0AB30E""}, ""time"": ""2024-05-23T07:01:18.868921995Z"", ""timestamp"": 366400819, ""rssi"": -76, ""channel_rssi"": -76, ""snr"": 7, ""location"": {""latitude"": 41.500425927352076, ""longitude"": 2.111405432224274, ""altitude"": 152, ""source"": ""SOURCE_REGISTRY""}, ""uplink_token"": ""CiEKHwoTb3BlbmxhYnMtY2VwaGlzLWd3MRII/MI9//4Ksw4Qs6rbrgEaDAia07uyBhCBhMKsASC4nsP51PWDAQ=="", ""received_at"": ""2024-05-23T07:00:42.337510153Z""}], ""settings"": {""data_rate"": {""lora"": {""bandwidth"": 125000, ""spreading_factor"": 7, ""coding_rate"": ""4/5""}}, ""frequency"": ""868500000"", ""timestamp"": 366400819, ""time"": ""2024-05-23T07:01:18.868921995Z""}, ""received_at"": ""2024-05-23T07:00:42.364253906Z"", ""consumed_airtime"": ""0.046336s"", ""network_ids"": {""net_id"": ""000013"", ""ns_id"": ""EC656E0000000181"", ""tenant_id"": ""ttn"", ""cluster_id"": ""eu1"", ""cluster_address"": ""eu1.cloud.thethings.network""}}}",2024-05-23 07:00:42
3,v3/sensors-openlab@ttn/devices/am307-9074/up,"{""end_device_ids"": {""device_id"": ""am307-9074"", ""application_ids"": {""application_id"": ""sensors-openlab""}, ""dev_eui"": ""24E124707C409074"", ""join_eui"": ""24E124C0002A0001"", ""dev_addr"": ""260B4142""}, ""correlation_ids"": [""gs:uplink:01HYJ420147QVJM6YBQRF6817F""], ""received_at"": ""2024-05-23T07:01:14.611511974Z"", ""uplink_message"": {""session_key_id"": ""AY8pSuYy6wDCVolyhgWCwg=="", ""f_port"": 85, ""f_cnt"": 4558, ""frm_payload"": ""A2fkAARoZgUAAAbLAAd9KAIIfWQACXNLJwF1OA=="", ""decoded_payload"": {""battery"": 56, ""co2"": 552, ""humidity"": 51, ""light_level"": 0, ""pir"": ""idle"", ""pressure"": 1005.9, ""temperature"": 22.8, ""tvoc"": 100}, ""rx_metadata"": [{""gateway_ids"": {""gateway_id"": ""openlabs-cephis-gw1"", ""eui"": ""FCC23DFFFE0AB30E""}, ""time"": ""2024-05-23T07:01:50.920171022Z"", ""timestamp"": 398429851, ""rssi"": -91, ""channel_rssi"": -91, ""snr"": 7.5, ""location"": {""latitude"": 41.500425927352076, ""longitude"": 2.111405432224274, ""altitude"": 152, ""source"": ""SOURCE_REGISTRY""}, ""uplink_token"": ""CiEKHwoTb3BlbmxhYnMtY2VwaGlzLWd3MRII/MI9//4Ksw4Qm53+vQEaDAi607uyBhD60vbAASD4mpSizPaDAQ=="", ""received_at"": ""2024-05-23T07:01:14.379799364Z""}], ""settings"": {""data_rate"": {""lora"": {""bandwidth"": 125000, ""spreading_factor"": 7, ""coding_rate"": ""4/5""}}, ""frequency"": ""867100000"", ""timestamp"": 398429851, ""time"": ""2024-05-23T07:01:50.920171022Z""}, ""received_at"": ""2024-05-23T07:01:14.405466933Z"", ""consumed_airtime"": ""0.087296s"", ""network_ids"": {""net_id"": ""000013"", ""ns_id"": ""EC656E0000000181"", ""tenant_id"": ""ttn"", ""cluster_id"": ""eu1"", ""cluster_address"": ""eu1.cloud.thethings.network""}}}",2024-05-23 07:01:14
4,v3/sensors-openlab@ttn/devices/am3019-testqc2090/up,"{""end_device_ids"": {""device_id"": ""am3019-testqc2090"", ""application_ids"": {""application_id"": ""sensors-openlab""}, ""dev_eui"": ""24E124710C409707"", ""join_eui"": ""24E124C0002A0001"", ""dev_addr"": ""260B5185""}, ""correlation_ids"": [""gs:uplink:01HYJ43KT9M3H9DA6NKK26Q1GY""], ""received_at"": ""2024-05-23T07:02:07.637473245Z"", ""uplink_message"": {""session_key_id"": ""AY8hdRVlEBGORKzEZVWHOg=="", ""f_port"": 85, ""f_cnt"": 4846, ""frm_payload"": ""A2cBAQRoVQUAAAbLAgd9LAIIfWQACXM+Jwt9DAAMfQwADX0IAA=="", ""decoded_payload"": {""co2"": 556, ""humidity"": 42.5, ""light_level"": 2, ""o3"": 0.08, ""pir"": ""idle"", ""pm10"": 12, ""pm2_5"": 12, ""pressure"": 1004.6, ""temperature"": 25.7, ""tvoc"": 100}, ""rx_metadata"": [{""gateway_ids"": {""gateway_id"": ""openlabs-cephis-gw1"", ""eui"": ""FCC23DFFFE0AB30E""}, ""time"": ""2024-05-23T07:02:43.957139015Z"", ""timestamp"": 451472467, ""rssi"": -81, ""channel_rssi"": -81, ""snr"": 9.25, ""location"": {""latitude"": 41.500425927352076, ""longitude"": 2.111405432224274, ""altitude"": 152, ""source"": ""SOURCE_REGISTRY""}, ""uplink_token"": ""CiEKHwoTb3BlbmxhYnMtY2VwaGlzLWd3MRII/MI9//4Ksw4Q09ij1wEaDAjv07uyBhDzvMPOASC4yOzukfiDAQ=="", ""received_at"": ""2024-05-23T07:02:07.408321085Z""}], ""settings"": {""data_rate"": {""lora"": {""bandwidth"": 125000, ""spreading_factor"": 7, ""coding_rate"": ""4/5""}}, ""frequency"": ""867300000"", ""timestamp"": 451472467, ""time"": ""2024-05-23T07:02:43.957139015Z""}, ""received_at"": ""2024-05-23T07:02:07.433890881Z"", ""consumed_airtime"": ""0.097536s"", ""network_ids"": {""net_id"": ""000013"", ""ns_id"": ""EC656E0000000181"", ""tenant_id"": ""ttn"", ""cluster_id"": ""eu1"", ""cluster_address"": ""eu1.cloud.thethings.network""}}}",2024-05-23 07:02:07
5,v3/sensors-openlab@ttn/devices/q4-1003-7456/up,"{""end_device_ids"": {""device_id"": ""q4-1003-7456"", ""application_ids"": {""application_id"": ""sensors-openlab""}, ""dev_eui"": ""24E124128C147456"", ""join_eui"": ""24E124C0002A0001"", ""dev_addr"": ""260BBE81""}, ""correlation_ids"": [""gs:uplink:01HYJ45RX162XK17PM98C5KVA7""], ""received_at"": ""2024-05-23T07:03:18.385437150Z"", ""uplink_message"": {""session_key_id"": ""AY58bbuPeD1HJ7rVVxa1XQ=="", ""f_port"": 85, ""f_cnt"": 8407, ""frm_payload"": ""A2f0AARoYQZlXgBmAB4ABWoAAAd9FwIIfVsDCXPmJg=="", ""decoded_payload"": {""activity"": 0, ""co2"": 535, ""humidity"": 48.5, ""illumination"": 94, ""infrared"": 30, ""infrared_and_visible"": 102, ""pressure"": 995.8, ""temperature"": 24.4, ""tvoc"": 859}, ""rx_metadata"": [{""gateway_ids"": {""gateway_id"": ""openlabs-cephis-gw1"", ""eui"": ""FCC23DFFFE0AB30E""}, ""time"": ""2024-05-23T07:03:54.713241100Z"", ""timestamp"": 522218275, ""rssi"": -96, ""channel_rssi"": -96, ""snr"": 8.25, ""location"": {""latitude"": 41.500425927352076, ""longitude"": 2.111405432224274, ""altitude"": 152, ""source"": ""SOURCE_REGISTRY""}, ""uplink_token"": ""CiEKHwoTb3BlbmxhYnMtY2VwaGlzLWd3MRII/MI9//4Ksw4Qo9aB+QEaCwi21LuyBhCfvKhUILiBirWZ+oMB"", ""received_at"": ""2024-05-23T07:03:18.154656265Z""}], ""settings"": {""data_rate"": {""lora"": {""bandwidth"": 125000, ""spreading_factor"": 7, ""coding_rate"": ""4/5""}}, ""frequency"": ""867100000"", ""timestamp"": 522218275, ""time"": ""2024-05-23T07:03:54.713241100Z""}, ""received_at"": ""2024-05-23T07:03:18.177862774Z"", ""consumed_airtime"": ""0.092416s"", ""network_ids"": {""net_id"": ""000013"", ""ns_id"": ""EC656E0000000181"", ""tenant_id"": ""ttn"", ""cluster_id"": ""eu1"", ""cluster_address"": ""eu1.cloud.thethings.network""}}}",2024-05-23 07:03:18
6,v3/sensors-openlab@ttn/devices/eui-24e124128c147500/up,"{""end_device_ids"": {""device_id"": ""eui-24e124128c147500"", ""application_ids"": {""application_id"": ""sensors-openlab""}, ""dev_eui"": ""24E124128C147500"", ""join_eui"": ""24E124C0002A0001"", ""dev_addr"": ""260B1914""}, ""correlation_ids"": [""gs:uplink:01HYJ46R2QKDYM73YHCS86MFQQ""], ""received_at"": ""2024-05-23T07:03:50.307342812Z"", ""uplink_message"": {""session_key_id"": ""AY5wxgajO4DyAm9jmGa6bw=="", ""f_port"": 85, ""f_cnt"": 8646, ""frm_payload"": ""A2faAARoaQZlVwF8AXIABWrEAAd9LQIIfcUACXPqJg=="", ""decoded_payload"": {""activity"": 196, ""co2"": 557, ""humidity"": 52.5, ""illumination"": 343, ""infrared"": 114, ""infrared_and_visible"": 380, ""pressure"": 996.2, ""temperature"": 21.8, ""tvoc"": 197}, ""rx_metadata"": [{""gateway_ids"": {""gateway_id"": ""openlabs-cephis-gw1"", ""eui"": ""FCC23DFFFE0AB30E""}, ""time"": ""2024-05-23T07:04:26.643657922Z"", ""timestamp"": 554137308, ""rssi"": -97, ""channel_rssi"": -97, ""snr"": 9.5, ""location"": {""latitude"": 41.500425927352076, ""longitude"": 2.111405432224274, ""altitude"": 152, ""source"": ""SOURCE_REGISTRY""}, ""uplink_token"": ""CiEKHwoTb3BlbmxhYnMtY2VwaGlzLWd3MRII/MI9//4Ksw4Q3O2diAIaCwjW1LuyBhCn5Z8xIOCWoamQ+4MB"", ""received_at"": ""2024-05-23T07:03:50.081113745Z""}], ""settings"": {""data_rate"": {""lora"": {""bandwidth"": 125000, ""spreading_factor"": 7, ""coding_rate"": ""4/5""}}, ""frequency"": ""867900000"", ""timestamp"": 554137308, ""time"": ""2024-05-23T07:04:26.643657922Z""}, ""received_at"": ""2024-05-23T07:03:50.104141862Z"", ""consumed_airtime"": ""0.092416s"", ""network_ids"": {""net_id"": ""000013"", ""ns_id"": ""EC656E0000000181"", ""tenant_id"": ""ttn"", ""cluster_id"": ""eu1"", ""cluster_address"": ""eu1.cloud.thethings.network""}}}",2024-05-23 07:03:50
7,v3/sensors-openlab@ttn/devices/am307-9074/up,"{""end_device_ids"": {""device_id"": ""am307-9074"", ""application_ids"": {""application_id"": ""sensors-openlab""}, ""dev_eui"": ""24E124707C409074"", ""join_eui"": ""24E124C0002A0001"", ""dev_addr"": ""260B4142""}, ""correlation_ids"": [""gs:uplink:01HYJ4A986Y95SC0PSYW8JH9AT""], ""received_at"": ""2024-05-23T07:05:46.195723764Z"", ""uplink_message"": {""session_key_id"": ""AY8pSuYy6wDCVolyhgWCwg=="", ""f_cnt"": 4559, ""rx_metadata"": [{""gateway_ids"": {""gateway_id"": ""openlabs-cephis-gw1"", ""eui"": ""FCC23DFFFE0AB30E""}, ""time"": ""2024-05-23T07:06:22.545465946Z"", ""timestamp"": 670015019, ""rssi"": -92, ""channel_rssi"": -92, ""snr"": 8.25, ""location"": {""latitude"": 41.500425927352076, ""longitude"": 2.111405432224274, ""altitude"": 152, ""source"": ""SOURCE_REGISTRY""}, ""uplink_token"": ""CiEKHwoTb3BlbmxhYnMtY2VwaGlzLWd3MRII/MI9//4Ksw4Qq7y+vwIaDAjJ1buyBhDn9Z3YAyD4r4eAwP6DAQ=="", ""received_at"": ""2024-05-23T07:05:45.966428194Z""}], ""settings"": {""data_rate"": {""lora"": {""bandwidth"": 125000, ""spreading_factor"": 7, ""coding_rate"": ""4/5""}}, ""frequency"": ""868300000"", ""timestamp"": 670015019, ""time"": ""2024-05-23T07:06:22.545465946Z""}, ""received_at"": ""2024-05-23T07:05:45.991134787Z"", ""consumed_airtime"": ""0.046336s"", ""network_ids"": {""net_id"": ""000013"", ""ns_id"": ""EC656E0000000181"", ""tenant_id"": ""ttn"", ""cluster_id"": ""eu1"", ""cluster_address"": ""eu1.cloud.thethings.network""}}}",2024-05-23 07:05:46
8,v3/sensors-openlab@ttn/devices/eui-24e124710c408089/up,"{""end_device_ids"": {""device_id"": ""eui-24e124710c408089"", ""application_ids"": {""application_id"": ""sensors-openlab""}, ""dev_eui"": ""24E124710C408089"", ""join_eui"": ""24E124C0002A0001"", ""dev_addr"": ""260B2848""}, ""correlation_ids"": [""gs:uplink:01HYJ4EK5ZDWXZ1VEBXXW8RWBS""], ""received_at"": ""2024-05-23T07:08:07.439711210Z"", ""uplink_message"": {""session_key_id"": ""AY7xshtuMWcxlECmE7u0Rg=="", ""f_port"": 85, ""f_cnt"": 6633, ""frm_payload"": ""A2fQAARobwUAAAbLAQd9AwIIff0ACXNJJwt9FQAMfRUADX0VAA=="", ""decoded_payload"": {""co2"": 515, ""humidity"": 55.5, ""light_level"": 1, ""o3"": 0.21, ""pir"": ""idle"", ""pm10"": 21, ""pm2_5"": 21, ""pressure"": 1005.7, ""temperature"": 20.8, ""tvoc"": 253}, ""rx_metadata"": [{""gateway_ids"": {""gateway_id"": ""openlabs-cephis-gw1"", ""eui"": ""FCC23DFFFE0AB30E""}, ""time"": ""2024-05-23T07:08:43.782738924Z"", ""timestamp"": 811255844, ""rssi"": -83, ""channel_rssi"": -83, ""snr"": 11.5, ""location"": {""latitude"": 41.500425927352076, ""longitude"": 2.111405432224274, ""altitude"": 152, ""source"": ""SOURCE_REGISTRY""}, ""uplink_token"": ""CiEKHwoTb3BlbmxhYnMtY2VwaGlzLWd3MRII/MI9//4Ksw4QpJDrggMaCwjX1ruyBhDn3IZuIKCZ95TOgoQB"", ""received_at"": ""2024-05-23T07:08:07.205218931Z""}, {""gateway_ids"": {""gateway_id"": ""openlabs-cephis-gw2"", ""eui"": ""FCC23DFFFE0A7159""}, ""time"": ""2024-05-23T07:08:44.300883054Z"", ""timestamp"": 835831588, ""rssi"": -112, ""channel_rssi"": -112, ""snr"": 0.5, ""location"": {""latitude"": 41.50381268459182, ""longitude"": 2.0986059308052067, ""altitude"": 180, ""source"": ""SOURCE_REGISTRY""}, ""uplink_token"": ""CiEKHwoTb3BlbmxhYnMtY2VwaGlzLWd3MhII/MI9//4KcVkQpI7HjgMaCwjX1ruyBhCEt5VuIKDJx9upg4QB"", ""received_at"": ""2024-05-23T07:08:07.208712255Z""}], ""settings"": {""data_rate"": {""lora"": {""bandwidth"": 125000, ""spreading_factor"": 8, ""coding_rate"": ""4/5""}}, ""frequency"": ""868100000"", ""timestamp"": 811255844, ""time"": ""2024-05-23T07:08:43.782738924Z""}, ""received_at"": ""2024-05-23T07:08:07.231847687Z"", ""consumed_airtime"": ""0.174592s"", ""network_ids"": {""net_id"": ""000013"", ""ns_id"": ""EC656E0000000181"", ""tenant_id"": ""ttn"", ""cluster_id"": ""eu1"", ""cluster_address"": ""eu1.cloud.thethings.network""}}}",2024-05-23 07:08:07
9,v3/sensors-openlab@ttn/devices/eui-24e124128c147446/up,"{""end_device_ids"": {""device_id"": ""eui-24e124128c147446"", ""application_ids"": {""application_id"": ""sensors-openlab""}, ""dev_eui"": ""24E124128C147446"", ""join_eui"": ""24E124C0002A0001"", ""dev_addr"": ""260B2EC3""}, ""correlation_ids"": [""gs:uplink:01HYJ4FXB9K06XFRMNX6J2PYKF""], ""received_at"": ""2024-05-23T07:08:50.617305230Z"", ""uplink_message"": {""session_key_id"": ""AY5yJkX4dLtSpPgzpIOJgg=="", ""f_port"": 85, ""f_cnt"": 8645, ""frm_payload"": ""A2foAARoZQZlQwA9AA8ABWogAAd92QIIfTkBCXPlJg=="", ""decoded_payload"": {""activity"": 32, ""co2"": 729, ""humidity"": 50.5, ""illumination"": 67, ""infrared"": 15, ""infrared_and_visible"": 61, ""pressure"": 995.7, ""temperature"": 23.2, ""tvoc"": 313}, ""rx_metadata"": [{""gateway_ids"": {""gateway_id"": ""openlabs-cephis-gw1"", ""eui"": ""FCC23DFFFE0AB30E""}, ""time"": ""2024-05-23T07:09:26.960227966Z"", ""timestamp"": 854434427, ""rssi"": -97, ""channel_rssi"": -97, ""snr"": 6.75, ""location"": {""latitude"": 41.500425927352076, ""longitude"": 2.111405432224274, ""altitude"": 152, ""source"": ""SOURCE_REGISTRY""}, ""uplink_token"": ""CiEKHwoTb3BlbmxhYnMtY2VwaGlzLWd3MRII/MI9//4Ksw4Q+8S2lwMaDAiC17uyBhCqxoXDASD44IqC74OEAQ=="", ""received_at"": ""2024-05-23T07:08:50.383421772Z""}], ""settings"": {""data_rate"": {""lora"": {""bandwidth"": 125000, ""spreading_factor"": 7, ""coding_rate"": ""4/5""}}, ""frequency"": ""868300000"", ""timestamp"": 854434427, ""time"": ""2024-05-23T07:09:26.960227966Z""}, ""received_at"": ""2024-05-23T07:08:50.409992174Z"", ""consumed_airtime"": ""0.092416s"", ""network_ids"": {""net_id"": ""000013"", ""ns_id"": ""EC656E0000000181"", ""tenant_id"": ""ttn"", ""cluster_id"": ""eu1"", ""cluster_address"": ""eu1.cloud.thethings.network""}}}",2024-05-23 07:08:50
10,v3/sensors-openlab@ttn/devices/eui-24e124725c461468/up,"{""end_device_ids"": {""device_id"": ""eui-24e124725c461468"", ""application_ids"": {""application_id"": ""sensors-openlab""}, ""dev_eui"": ""24E124725C461468"", ""join_eui"": ""24E124C0002A0001"", ""dev_addr"": ""260BD466""}, ""correlation_ids"": [""gs:uplink:01HYJ4GE817QPX2KPS6S4YHCFT""], ""received_at"": ""2024-05-23T07:09:07.918080Z"", ""uplink_message"": {""session_key_id"": ""AY33IyvceKWHaGgqOE/h8A=="", ""f_port"": 85, ""f_cnt"": 12146, ""frm_payload"": ""AXVCA2foAARofgd9vQQ="", ""decoded_payload"": {""battery"": 66, ""co2"": 1213, ""humidity"": 63, ""temperature"": 23.2}, ""rx_metadata"": [{""gateway_ids"": {""gateway_id"": ""openlabs-indoor"", ""eui"": ""24E124FFFEF5C2F8""}, ""time"": ""2024-05-23T07:09:07.973815917Z"", ""timestamp"": 878731663, ""rssi"": -49, ""channel_rssi"": -49, ""snr"": 14.25, ""uplink_token"": ""Ch0KGwoPb3BlbmxhYnMtaW5kb29yEggk4ST//vXC+BCPw4GjAxoMCJPXu7IGENaFhtQCIJit9MPJhIQB"", ""received_at"": ""2024-05-23T07:09:07.685177954Z""}], ""settings"": {""data_rate"": {""lora"": {""bandwidth"": 125000, ""spreading_factor"": 7, ""coding_rate"": ""4/5""}}, ""frequency"": ""867900000"", ""timestamp"": 878731663, ""time"": ""2024-05-23T07:09:07.973815917Z""}, ""received_at"": ""2024-05-23T07:09:07.714121852Z"", ""consumed_airtime"": ""0.066816s"", ""network_ids"": {""net_id"": ""000013"", ""ns_id"": ""EC656E0000000181"", ""tenant_id"": ""ttn"", ""cluster_id"": ""eu1"", ""cluster_address"": ""eu1.cloud.thethings.network""}}}",2024-05-23 07:09:07
11,v3/sensors-openlab@ttn/devices/eui-24e124128c147204/up,"{""end_device_ids"": {""device_id"": ""eui-24e124128c147204"", ""application_ids"": {""application_id"": ""sensors-openlab""}, ""dev_eui"": ""24E124128C147204"", ""join_eui"": ""24E124C0002A0001"", ""dev_addr"": ""260B31B3""}, ""correlation_ids"": [""gs:uplink:01HYJ4JM0ZTY5NFQYNPPH80NP0""], ""received_at"": ""2024-05-23T07:10:19.375650746Z"", ""uplink_message"": {""session_key_id"": ""AY58dG5gIcXQKX+SHYLbBQ=="", ""f_port"": 85, ""f_cnt"": 8347, ""frm_payload"": ""A2fcAARogAZlDQAMAAMABWoBAAd90QMIfZAACXPXJg=="", ""decoded_payload"": {""activity"": 1, ""co2"": 977, ""humidity"": 64, ""illumination"": 13, ""infrared"": 3, ""infrared_and_visible"": 12, ""pressure"": 994.3, ""temperature"": 22, ""tvoc"": 144}, ""rx_metadata"": [{""gateway_ids"": {""gateway_id"": ""openlabs-cephis-gw2"", ""eui"": ""FCC23DFFFE0A7159""}, ""time"": ""2024-05-23T07:10:56.236392021Z"", ""timestamp"": 967773212, ""rssi"": -109, ""channel_rssi"": -109, ""snr"": -8.25, ""location"": {""latitude"": 41.50381268459182, ""longitude"": 2.0986059308052067, ""altitude"": 180, ""source"": ""SOURCE_REGISTRY""}, ""uplink_token"": ""CiEKHwoTb3BlbmxhYnMtY2VwaGlzLWd3MhII/MI9//4KcVkQnJi8zQMaCwjb17uyBhDq/9FPIOCanZ6Vh4QB"", ""received_at"": ""2024-05-23T07:10:19.144443916Z""}, {""gateway_ids"": {""gateway_id"": ""openlabs-cephis-gw1"", ""eui"": ""FCC23DFFFE0AB30E""}, ""time"": ""2024-05-23T07:10:55.728599071Z"", ""timestamp"": 943197476, ""rssi"": -110, ""channel_rssi"": -110, ""snr"": -9.5, ""location"": {""latitude"": 41.500425927352076, ""longitude"": 2.111405432224274, ""altitude"": 152, ""source"": ""SOURCE_REGISTRY""}, ""uplink_token"": ""CiEKHwoTb3BlbmxhYnMtY2VwaGlzLWd3MRII/MI9//4Ksw4QpJrgwQMaCwjb17uyBhC4l65UIKCpzde5hoQB"", ""received_at"": ""2024-05-23T07:10:19.151234431Z""}], ""settings"": {""data_rate"": {""lora"": {""bandwidth"": 125000, ""spreading_factor"": 8, ""coding_rate"": ""4/5""}}, ""frequency"": ""868100000"", ""timestamp"": 967773212, ""time"": ""2024-05-23T07:10:56.236392021Z""}, ""received_at"": ""2024-05-23T07:10:19.168017782Z"", ""consumed_airtime"": ""0.164352s"", ""network_ids"": {""net_id"": ""000013"", ""ns_id"": ""EC656E0000000181"", ""tenant_id"": ""ttn"", ""cluster_id"": ""eu1"", ""cluster_address"": ""eu1.cloud.thethings.network""}}}",2024-05-23 07:10:19
12,v3/sensors-openlab@ttn/devices/am307-9074/up,"{""end_device_ids"": {""device_id"": ""am307-9074"", ""application_ids"": {""application_id"": ""sensors-openlab""}, ""dev_eui"": ""24E124707C409074"", ""join_eui"": ""24E124C0002A0001"", ""dev_addr"": ""260B4142""}, ""correlation_ids"": [""gs:uplink:01HYJ4M9S7CDW40XS8397P352X""], ""received_at"": ""2024-05-23T07:11:14.422187216Z"", ""uplink_message"": {""session_key_id"": ""AY8pSuYy6wDCVolyhgWCwg=="", ""f_port"": 85, ""f_cnt"": 4560, ""frm_payload"": ""A2fkAARoZgUAAAbLAAd9NwIIfWQACXNLJwF1OA=="", ""decoded_payload"": {""battery"": 56, ""co2"": 567, ""humidity"": 51, ""light_level"": 0, ""pir"": ""idle"", ""pressure"": 1005.9, ""temperature"": 22.8, ""tvoc"": 100}, ""rx_metadata"": [{""gateway_ids"": {""gateway_id"": ""openlabs-cephis-gw1"", ""eui"": ""FCC23DFFFE0AB30E""}, ""time"": ""2024-05-23T07:11:50.764816999Z"", ""timestamp"": 998245276, ""rssi"": -93, ""channel_rssi"": -93, ""snr"": 6.5, ""location"": {""latitude"": 41.500425927352076, ""longitude"": 2.111405432224274, ""altitude"": 152, ""source"": ""SOURCE_REGISTRY""}, ""uplink_token"": ""CiEKHwoTb3BlbmxhYnMtY2VwaGlzLWd3MRII/MI9//4Ksw4QnIeA3AMaCwiS2LuyBhCdmdFmIOCyuOCGiIQB"", ""received_at"": ""2024-05-23T07:11:14.189478286Z""}], ""settings"": {""data_rate"": {""lora"": {""bandwidth"": 125000, ""spreading_factor"": 7, ""coding_rate"": ""4/5""}}, ""frequency"": ""867700000"", ""timestamp"": 998245276, ""time"": ""2024-05-23T07:11:50.764816999Z""}, ""received_at"": ""2024-05-23T07:11:14.216065103Z"", ""consumed_airtime"": ""0.087296s"", ""network_ids"": {""net_id"": ""000013"", ""ns_id"": ""EC656E0000000181"", ""tenant_id"": ""ttn"", ""cluster_id"": ""eu1"", ""cluster_address"": ""eu1.cloud.thethings.network""}}}",2024-05-23 07:11:14
13,v3/sensors-openlab@ttn/devices/am3019-testqc2090/up,"{""end_device_ids"": {""device_id"": ""am3019-testqc2090"", ""application_ids"": {""application_id"": ""sensors-openlab""}, ""dev_eui"": ""24E124710C409707"", ""join_eui"": ""24E124C0002A0001"", ""dev_addr"": ""260B5185""}, ""correlation_ids"": [""gs:uplink:01HYJ4NXRN5E5G3CJ6XEZW6E5M""], ""received_at"": ""2024-05-23T07:12:07.650513519Z"", ""uplink_message"": {""session_key_id"": ""AY8hdRVlEBGORKzEZVWHOg=="", ""f_port"": 85, ""f_cnt"": 4847, ""frm_payload"": ""A2cCAQRoVQUAAAbLAgd9NgIIfWQACXM+Jwt9DAAMfQwADX0GAA=="", ""decoded_payload"": {""co2"": 566, ""humidity"": 42.5, ""light_level"": 2, ""o3"": 0.06, ""pir"": ""idle"", ""pm10"": 12, ""pm2_5"": 12, ""pressure"": 1004.6, ""temperature"": 25.8, ""tvoc"": 100}, ""rx_metadata"": [{""gateway_ids"": {""gateway_id"": ""openlabs-cephis-gw1"", ""eui"": ""FCC23DFFFE0AB30E""}, ""time"": ""2024-05-23T07:12:43.998426914Z"", ""timestamp"": 1051480331, ""rssi"": -77, ""channel_rssi"": -77, ""snr"": 7.75, ""location"": {""latitude"": 41.500425927352076, ""longitude"": 2.111405432224274, ""altitude"": 152, ""source"": ""SOURCE_REGISTRY""}, ""uplink_token"": ""CiEKHwoTb3BlbmxhYnMtY2VwaGlzLWd3MRII/MI9//4Ksw4Qi6Kx9QMaDAjH2LuyBhDPnbnUASD4pfKIzYmEAQ=="", ""received_at"": ""2024-05-23T07:12:07.419754927Z""}], ""settings"": {""data_rate"": {""lora"": {""bandwidth"": 125000, ""spreading_factor"": 7, ""coding_rate"": ""4/5""}}, ""frequency"": ""868500000"", ""timestamp"": 1051480331, ""time"": ""2024-05-23T07:12:43.998426914Z""}, ""received_at"": ""2024-05-23T07:12:07.446465511Z"", ""consumed_airtime"": ""0.097536s"", ""network_ids"": {""net_id"": ""000013"", ""ns_id"": ""EC656E0000000181"", ""tenant_id"": ""ttn"", ""cluster_id"": ""eu1"", ""cluster_address"": ""eu1.cloud.thethings.network""}}}",2024-05-23 07:12:07
14,v3/sensors-openlab@ttn/devices/q4-1003-7456/up,"{""end_device_ids"": {""device_id"": ""q4-1003-7456"", ""application_ids"": {""application_id"": ""sensors-openlab""}, ""dev_eui"": ""24E124128C147456"", ""join_eui"": ""24E124C0002A0001"", ""dev_addr"": ""260BBE81""}, ""correlation_ids"": [""gs:uplink:01HYJ4R2JJTEZE7MYAYJKPH1F7""], ""received_at"": ""2024-05-23T07:13:18.113247547Z"", ""uplink_message"": {""session_key_id"": ""AY58bbuPeD1HJ7rVVxa1XQ=="", ""f_port"": 85, ""f_cnt"": 8408, ""frm_payload"": ""A2f0AARoYgZldwCDACcABWoAAAd9HgIIfeABCXPmJg=="", ""decoded_payload"": {""activity"": 0, ""co2"": 542, ""humidity"": 49, ""illumination"": 119, ""infrared"": 39, ""infrared_and_visible"": 131, ""pressure"": 995.8, ""temperature"": 24.4, ""tvoc"": 480}, ""rx_metadata"": [{""gateway_ids"": {""gateway_id"": ""openlabs-cephis-gw1"", ""eui"": ""FCC23DFFFE0AB30E""}, ""time"": ""2024-05-23T07:13:54.458080053Z"", ""timestamp"": 1121918907, ""rssi"": -99, ""channel_rssi"": -99, ""snr"": 8, ""location"": {""latitude"": 41.500425927352076, ""longitude"": 2.111405432224274, ""altitude"": 152, ""source"": ""SOURCE_REGISTRY""}, ""uplink_token"": ""CiEKHwoTb3BlbmxhYnMtY2VwaGlzLWd3MRII/MI9//4Ksw4Qu7/8lgQaDAiN2buyBhCXo4SwAyD45M+804uEAQ=="", ""received_at"": ""2024-05-23T07:13:17.880380256Z""}], ""settings"": {""data_rate"": {""lora"": {""bandwidth"": 125000, ""spreading_factor"": 7, ""coding_rate"": ""4/5""}}, ""frequency"": ""867100000"", ""timestamp"": 1121918907, ""time"": ""2024-05-23T07:13:54.458080053Z""}, ""received_at"": ""2024-05-23T07:13:17.906810424Z"", ""consumed_airtime"": ""0.092416s"", ""network_ids"": {""net_id"": ""000013"", ""ns_id"": ""EC656E0000000181"", ""tenant_id"": ""ttn"", ""cluster_id"": ""eu1"", ""cluster_address"": ""eu1.cloud.thethings.network""}}}",2024-05-23 07:13:18
15,v3/sensors-openlab@ttn/devices/eui-24e124128c147500/up,"{""end_device_ids"": {""device_id"": ""eui-24e124128c147500"", ""application_ids"": {""application_id"": ""sensors-openlab""}, ""dev_eui"": ""24E124128C147500"", ""join_eui"": ""24E124C0002A0001"", ""dev_addr"": ""260B1914""}, ""correlation_ids"": [""gs:uplink:01HYJ4S1QB2KKGGKCRVS5B64V8""], ""received_at"": ""2024-05-23T07:13:50.008676957Z"", ""uplink_message"": {""session_key_id"": ""AY5wxgajO4DyAm9jmGa6bw=="", ""f_port"": 85, ""f_cnt"": 8647, ""frm_payload"": ""A2fcAARoagZl4AEgAqYABWodAAd9KwIIfcwACXPqJg=="", ""decoded_payload"": {""activity"": 29, ""co2"": 555, ""humidity"": 53, ""illumination"": 480, ""infrared"": 166, ""infrared_and_visible"": 544, ""pressure"": 996.2, ""temperature"": 22, ""tvoc"": 204}, ""rx_metadata"": [{""gateway_ids"": {""gateway_id"": ""openlabs-cephis-gw1"", ""eui"": ""FCC23DFFFE0AB30E""}, ""time"": ""2024-05-23T07:14:26.356623888Z"", ""timestamp"": 1153842771, ""rssi"": -95, ""channel_rssi"": -95, ""snr"": 9, ""location"": {""latitude"": 41.500425927352076, ""longitude"": 2.111405432224274, ""altitude"": 152, ""source"": ""SOURCE_REGISTRY""}, ""uplink_token"": ""CiEKHwoTb3BlbmxhYnMtY2VwaGlzLWd3MRII/MI9//4Ksw4Q0/yYpgQaDAit2buyBhCA2Yj/AiC46I2zyoyEAQ=="", ""received_at"": ""2024-05-23T07:13:49.777770013Z""}], ""settings"": {""data_rate"": {""lora"": {""bandwidth"": 125000, ""spreading_factor"": 7, ""coding_rate"": ""4/5""}}, ""frequency"": ""868100000"", ""timestamp"": 1153842771, ""time"": ""2024-05-23T07:14:26.356623888Z""}, ""received_at"": ""2024-05-23T07:13:49.804312417Z"", ""consumed_airtime"": ""0.092416s"", ""network_ids"": {""net_id"": ""000013"", ""ns_id"": ""EC656E0000000181"", ""tenant_id"": ""ttn"", ""cluster_id"": ""eu1"", ""cluster_address"": ""eu1.cloud.thethings.network""}}}",2024-05-23 07:13:50
16,v3/sensors-openlab@ttn/devices/eui-24e124128c147500/up,"{""end_device_ids"": {""device_id"": ""eui-24e124128c147500"", ""application_ids"": {""application_id"": ""sensors-openlab""}, ""dev_eui"": ""24E124128C147500"", ""join_eui"": ""24E124C0002A0001"", ""dev_addr"": ""260B1914""}, ""correlation_ids"": [""gs:uplink:01HYN7RS0D0JWWW6QW2N4AXWY3""], ""received_at"": ""2024-05-24T12:03:50.109858195Z"", ""uplink_message"": {""session_key_id"": ""AY5wxgajO4DyAm9jmGa6bw=="", ""f_port"": 85, ""f_cnt"": 8820, ""frm_payload"": ""A2fmAARoYQZlZgBoAB0ABWoAAAd9GQIIfcEACXPqJg=="", ""decoded_payload"": {""activity"": 0, ""co2"": 537, ""humidity"": 48.5, ""illumination"": 102, ""infrared"": 29, ""infrared_and_visible"": 104, ""pressure"": 996.2, ""temperature"": 23, ""tvoc"": 193}, ""rx_metadata"": [{""gateway_ids"": {""gateway_id"": ""openlabs-cephis-gw1"", ""eui"": ""FCC23DFFFE0AB30E""}, ""time"": ""2024-05-24T12:04:33.026611089Z"", ""timestamp"": 1874630483, ""rssi"": -91, ""channel_rssi"": -91, ""snr"": 5.75, ""location"": {""latitude"": 41.500425927352076, ""longitude"": 2.111405432224274, ""altitude"": 152, ""source"": ""SOURCE_REGISTRY""}, ""uplink_token"": ""CiEKHwoTb3BlbmxhYnMtY2VwaGlzLWd3MRII/MI9//4Ksw4Q067y/QYaDAilhMKyBhDJ+uqtAyC4uLzFx9mbAQ=="", ""received_at"": ""2024-05-24T12:03:49.873811429Z""}], ""settings"": {""data_rate"": {""lora"": {""bandwidth"": 125000, ""spreading_factor"": 7, ""coding_rate"": ""4/5""}}, ""frequency"": ""868300000"", ""timestamp"": 1874630483, ""time"": ""2024-05-24T12:04:33.026611089Z""}, ""received_at"": ""2024-05-24T12:03:49.902256435Z"", ""consumed_airtime"": ""0.092416s"", ""network_ids"": {""net_id"": ""000013"", ""ns_id"": ""EC656E0000000181"", ""tenant_id"": ""ttn"", ""cluster_id"": ""eu1"", ""cluster_address"": ""eu1.cloud.thethings.network""}}}",2024-05-24 12:03:50
17,v3/sensors-openlab@ttn/devices/eui-24e124710c408089/up,"{""end_device_ids"": {""device_id"": ""eui-24e124710c408089"", ""application_ids"": {""application_id"": ""sensors-openlab""}, ""dev_eui"": ""24E124710C408089"", ""join_eui"": ""24E124C0002A0001"", ""dev_addr"": ""260B2848""}, ""correlation_ids"": [""gs:uplink:01HYN80N41QJDFJNT6DWDNAW3H""], ""received_at"": ""2024-05-24T12:08:08.274149864Z"", ""uplink_message"": {""session_key_id"": ""AY7xshtuMWcxlECmE7u0Rg=="", ""f_port"": 85, ""f_cnt"": 6866, ""frm_payload"": ""A2fWAARoaQUAAAbLAAd9ywEIfWQACXNKJwt9DAAMfQ0ADX0VAA=="", ""decoded_payload"": {""co2"": 459, ""humidity"": 52.5, ""light_level"": 0, ""o3"": 0.21, ""pir"": ""idle"", ""pm10"": 13, ""pm2_5"": 12, ""pressure"": 1005.8, ""temperature"": 21.4, ""tvoc"": 100}, ""rx_metadata"": [{""gateway_ids"": {""gateway_id"": ""openlabs-cephis-gw1"", ""eui"": ""FCC23DFFFE0AB30E""}, ""time"": ""2024-05-24T12:08:51.188688993Z"", ""timestamp"": 2132788139, ""rssi"": -86, ""channel_rssi"": -86, ""snr"": 6.75, ""location"": {""latitude"": 41.500425927352076, ""longitude"": 2.111405432224274, ""altitude"": 152, ""source"": ""SOURCE_REGISTRY""}, ""uplink_token"": ""CiEKHwoTb3BlbmxhYnMtY2VwaGlzLWd3MRII/MI9//4Ksw4Qq4f/+AcaCwiohsKyBhC43qAfIPin0aCJ4ZsB"", ""received_at"": ""2024-05-24T12:08:08.038013499Z""}, {""gateway_ids"": {""gateway_id"": ""openlabs-cephis-gw2"", ""eui"": ""FCC23DFFFE0A7159""}, ""time"": ""2024-05-24T12:08:51.522612094Z"", ""timestamp"": 2157366835, ""rssi"": -113, ""channel_rssi"": -113, ""snr"": -6, ""location"": {""latitude"": 41.50381268459182, ""longitude"": 2.0986059308052067, ""altitude"": 180, ""source"": ""SOURCE_REGISTRY""}, ""uplink_token"": ""CiEKHwoTb3BlbmxhYnMtY2VwaGlzLWd3MhII/MI9//4KcVkQs5zbhAgaCwiohsKyBhCWw9QfILju1ejk4ZsB"", ""received_at"": ""2024-05-24T12:08:08.043501867Z""}], ""settings"": {""data_rate"": {""lora"": {""bandwidth"": 125000, ""spreading_factor"": 7, ""coding_rate"": ""4/5""}}, ""frequency"": ""868500000"", ""timestamp"": 2132788139, ""time"": ""2024-05-24T12:08:51.188688993Z""}, ""received_at"": ""2024-05-24T12:08:08.066747054Z"", ""consumed_airtime"": ""0.107776s"", ""network_ids"": {""net_id"": ""000013"", ""ns_id"": ""EC656E0000000181"", ""tenant_id"": ""ttn"", ""cluster_id"": ""eu1"", ""cluster_address"": ""eu1.cloud.thethings.network""}}}",2024-05-24 12:08:08
18,v3/sensors-openlab@ttn/devices/eui-24e124128c147446/up,"{""end_device_ids"": {""device_id"": ""eui-24e124128c147446"", ""application_ids"": {""application_id"": ""sensors-openlab""}, ""dev_eui"": ""24E124128C147446"", ""join_eui"": ""24E124C0002A0001"", ""dev_addr"": ""260B2EC3""}, ""correlation_ids"": [""gs:uplink:01HYN81XRPMGYQ9SWG2Y0Z8WEB""], ""received_at"": ""2024-05-24T12:08:49.894723861Z"", ""uplink_message"": {""session_key_id"": ""AY5yJkX4dLtSpPgzpIOJgg=="", ""f_port"": 85, ""f_cnt"": 8819, ""frm_payload"": ""A2f1AARoWwZlXQBcABkABWoBAAd9TgIIfXkACXPkJg=="", ""decoded_payload"": {""activity"": 1, ""co2"": 590, ""humidity"": 45.5, ""illumination"": 93, ""infrared"": 25, ""infrared_and_visible"": 92, ""pressure"": 995.6, ""temperature"": 24.5, ""tvoc"": 121}, ""rx_metadata"": [{""gateway_ids"": {""gateway_id"": ""openlabs-cephis-gw1"", ""eui"": ""FCC23DFFFE0AB30E""}, ""time"": ""2024-05-24T12:09:32.809899091Z"", ""timestamp"": 2174415627, ""rssi"": -81, ""channel_rssi"": -81, ""snr"": 7, ""location"": {""latitude"": 41.500425927352076, ""longitude"": 2.111405432224274, ""altitude"": 152, ""source"": ""SOURCE_REGISTRY""}, ""uplink_token"": ""CiEKHwoTb3BlbmxhYnMtY2VwaGlzLWd3MRII/MI9//4Ksw4Qi+brjAgaDAjRhsKyBhCQj4THAiD4xZWqpOKbAQ=="", ""received_at"": ""2024-05-24T12:08:49.658211743Z""}], ""settings"": {""data_rate"": {""lora"": {""bandwidth"": 125000, ""spreading_factor"": 7, ""coding_rate"": ""4/5""}}, ""frequency"": ""868500000"", ""timestamp"": 2174415627, ""time"": ""2024-05-24T12:09:32.809899091Z""}, ""received_at"": ""2024-05-24T12:08:49.686653925Z"", ""consumed_airtime"": ""0.092416s"", ""network_ids"": {""net_id"": ""000013"", ""ns_id"": ""EC656E0000000181"", ""tenant_id"": ""ttn"", ""cluster_id"": ""eu1"", ""cluster_address"": ""eu1.cloud.thethings.network""}}}",2024-05-24 12:08:49
19,v3/sensors-openlab@ttn/devices/eui-24e124725c461468/up,"{""end_device_ids"": {""device_id"": ""eui-24e124725c461468"", ""application_ids"": {""application_id"": ""sensors-openlab""}, ""dev_eui"": ""24E124725C461468"", ""join_eui"": ""24E124C0002A0001"", ""dev_addr"": ""260BD466""}, ""correlation_ids"": [""gs:uplink:01HYN82BDMPKCYCTCF9VEQBMAR""], ""received_at"": ""2024-05-24T12:09:03.871989192Z"", ""uplink_message"": {""session_key_id"": ""AY33IyvceKWHaGgqOE/h8A=="", ""f_port"": 85, ""f_cnt"": 12320, ""frm_payload"": ""AXVCA2f/AARoYgd9swI="", ""decoded_payload"": {""battery"": 66, ""co2"": 691, ""humidity"": 49, ""temperature"": 25.5}, ""rx_metadata"": [{""gateway_ids"": {""gateway_id"": ""openlabs-indoor"", ""eui"": ""24E124FFFEF5C2F8""}, ""time"": ""2024-05-24T12:09:03.936048984Z"", ""timestamp"": 2195428529, ""rssi"": -47, ""channel_rssi"": -47, ""snr"": 14.25, ""uplink_token"": ""Ch0KGwoPb3BlbmxhYnMtaW5kb29yEggk4ST//vXC+BCxqe6WCBoMCN+GwrIGENmKyr4CIOim883y4psB"", ""received_at"": ""2024-05-24T12:09:03.644001655Z""}], ""settings"": {""data_rate"": {""lora"": {""bandwidth"": 125000, ""spreading_factor"": 7, ""coding_rate"": ""4/5""}}, ""frequency"": ""868100000"", ""timestamp"": 2195428529, ""time"": ""2024-05-24T12:09:03.936048984Z""}, ""received_at"": ""2024-05-24T12:09:03.668835010Z"", ""consumed_airtime"": ""0.066816s"", ""network_ids"": {""net_id"": ""000013"", ""ns_id"": ""EC656E0000000181"", ""tenant_id"": ""ttn"", ""cluster_id"": ""eu1"", ""cluster_address"": ""eu1.cloud.thethings.network""}}}",2024-05-24 12:09:03
20,v3/sensors-openlab@ttn/devices/eui-24e124128c147204/up,"{""end_device_ids"": {""device_id"": ""eui-24e124128c147204"", ""application_ids"": {""application_id"": ""sensors-openlab""}, ""dev_eui"": ""24E124128C147204"", ""join_eui"": ""24E124C0002A0001"", ""dev_addr"": ""260B31B3""}, ""correlation_ids"": [""gs:uplink:01HYN84PB4MPQNTA4JN5RB5DQY""], ""received_at"": ""2024-05-24T12:10:20.597226740Z"", ""uplink_message"": {""session_key_id"": ""AY58dG5gIcXQKX+SHYLbBQ=="", ""f_port"": 85, ""f_cnt"": 8521, ""frm_payload"": ""A2fqAARofAZlBgAHAAIABWoAAAd9OQQIfYEACXPYJg=="", ""decoded_payload"": {""activity"": 0, ""co2"": 1081, ""humidity"": 62, ""illumination"": 6, ""infrared"": 2, ""infrared_and_visible"": 7, ""pressure"": 994.4, ""temperature"": 23.4, ""tvoc"": 129}, ""rx_metadata"": [{""gateway_ids"": {""gateway_id"": ""openlabs-cephis-gw2"", ""eui"": ""FCC23DFFFE0A7159""}, ""time"": ""2024-05-24T12:11:03.844532012Z"", ""timestamp"": 2289692788, ""rssi"": -112, ""channel_rssi"": -112, ""snr"": -8.75, ""location"": {""latitude"": 41.50381268459182, ""longitude"": 2.0986059308052067, ""altitude"": 180, ""source"": ""SOURCE_REGISTRY""}, ""uplink_token"": ""CiEKHwoTb3BlbmxhYnMtY2VwaGlzLWd3MhII/MI9//4KcVkQ9ODnwwgaDAish8KyBhDAvYC5ASCgis3i0eWbAQ=="", ""received_at"": ""2024-05-24T12:10:20.365015488Z""}, {""gateway_ids"": {""gateway_id"": ""openlabs-cephis-gw1"", ""eui"": ""FCC23DFFFE0AB30E""}, ""time"": ""2024-05-24T12:11:03.521419048Z"", ""timestamp"": 2265114092, ""rssi"": -107, ""channel_rssi"": -107, ""snr"": -5.5, ""location"": {""latitude"": 41.500425927352076, ""longitude"": 2.111405432224274, ""altitude"": 152, ""source"": ""SOURCE_REGISTRY""}, ""uplink_token"": ""CiEKHwoTb3BlbmxhYnMtY2VwaGlzLWd3MRII/MI9//4Ksw4Q7MuLuAgaDAish8KyBhDb0869ASDgw8ia9uSbAQ=="", ""received_at"": ""2024-05-24T12:10:20.369716761Z""}], ""settings"": {""data_rate"": {""lora"": {""bandwidth"": 125000, ""spreading_factor"": 8, ""coding_rate"": ""4/5""}}, ""frequency"": ""868300000"", ""timestamp"": 2289692788, ""time"": ""2024-05-24T12:11:03.844532012Z""}, ""received_at"": ""2024-05-24T12:10:20.388799899Z"", ""consumed_airtime"": ""0.164352s"", ""network_ids"": {""net_id"": ""000013"", ""ns_id"": ""EC656E0000000181"", ""tenant_id"": ""ttn"", ""cluster_id"": ""eu1"", ""cluster_address"": ""eu1.cloud.thethings.network""}}}",2024-05-24 12:10:20
21,v3/sensors-openlab@ttn/devices/am307-9074/up,"{""end_device_ids"": {""device_id"": ""am307-9074"", ""application_ids"": {""application_id"": ""sensors-openlab""}, ""dev_eui"": ""24E124707C409074"", ""join_eui"": ""24E124C0002A0001"", ""dev_addr"": ""260B4142""}, ""correlation_ids"": [""gs:uplink:01HYN85BXC24JC6G42HKWWVCS8""], ""received_at"": ""2024-05-24T12:10:42.681616509Z"", ""uplink_message"": {""session_key_id"": ""AY8pSuYy6wDCVolyhgWCwg=="", ""f_port"": 85, ""f_cnt"": 4790, ""frm_payload"": ""A2f6AARoXwUAAAbLAwd9AwMIfacACXNLJwF1OA=="", ""decoded_payload"": {""battery"": 56, ""co2"": 771, ""humidity"": 47.5, ""light_level"": 3, ""pir"": ""idle"", ""pressure"": 1005.9, ""temperature"": 25, ""tvoc"": 167}, ""rx_metadata"": [{""gateway_ids"": {""gateway_id"": ""openlabs-cephis-gw1"", ""eui"": ""FCC23DFFFE0AB30E""}, ""time"": ""2024-05-24T12:11:25.601958036Z"", ""timestamp"": 2287201876, ""rssi"": -99, ""channel_rssi"": -99, ""snr"": 3.75, ""location"": {""latitude"": 41.500425927352076, ""longitude"": 2.111405432224274, ""altitude"": 152, ""source"": ""SOURCE_REGISTRY""}, ""uplink_token"": ""CiEKHwoTb3BlbmxhYnMtY2VwaGlzLWd3MRII/MI9//4Ksw4Q1NzPwggaDAjCh8KyBhCur6njASCg8Ou+yOWbAQ=="", ""received_at"": ""2024-05-24T12:10:42.448859070Z""}], ""settings"": {""data_rate"": {""lora"": {""bandwidth"": 125000, ""spreading_factor"": 7, ""coding_rate"": ""4/5""}}, ""frequency"": ""867500000"", ""timestamp"": 2287201876, ""time"": ""2024-05-24T12:11:25.601958036Z""}, ""received_at"": ""2024-05-24T12:10:42.477574919Z"", ""consumed_airtime"": ""0.087296s"", ""network_ids"": {""net_id"": ""000013"", ""ns_id"": ""EC656E0000000181"", ""tenant_id"": ""ttn"", ""cluster_id"": ""eu1"", ""cluster_address"": ""eu1.cloud.thethings.network""}}}",2024-05-24 12:10:42
22,v3/sensors-openlab@ttn/devices/am3019-testqc2090/up,"{""end_device_ids"": {""device_id"": ""am3019-testqc2090"", ""application_ids"": {""application_id"": ""sensors-openlab""}, ""dev_eui"": ""24E124710C409707"", ""join_eui"": ""24E124C0002A0001"", ""dev_addr"": ""260B5185""}, ""correlation_ids"": [""gs:uplink:01HYN880C0596KMZ1T14M3HX0B""], ""received_at"": ""2024-05-24T12:12:09.168061014Z"", ""uplink_message"": {""session_key_id"": ""AY8hdRVlEBGORKzEZVWHOg=="", ""f_port"": 85, ""f_cnt"": 5077, ""frm_payload"": ""A2f/AARoUgUAAAbLAgd99QEIfWQACXM+Jwt9BQAMfQUADX0IAA=="", ""decoded_payload"": {""co2"": 501, ""humidity"": 41, ""light_level"": 2, ""o3"": 0.08, ""pir"": ""idle"", ""pm10"": 5, ""pm2_5"": 5, ""pressure"": 1004.6, ""temperature"": 25.5, ""tvoc"": 100}, ""rx_metadata"": [{""gateway_ids"": {""gateway_id"": ""openlabs-cephis-gw1"", ""eui"": ""FCC23DFFFE0AB30E""}, ""time"": ""2024-05-24T12:12:52.085875988Z"", ""timestamp"": 2373683523, ""rssi"": -73, ""channel_rssi"": -73, ""snr"": 8.25, ""location"": {""latitude"": 41.500425927352076, ""longitude"": 2.111405432224274, ""altitude"": 152, ""source"": ""SOURCE_REGISTRY""}, ""uplink_token"": ""CiEKHwoTb3BlbmxhYnMtY2VwaGlzLWd3MRII/MI9//4Ksw4Qw5Lu6wgaDAiYiMKyBhD4047KAyC428DUiuibAQ=="", ""received_at"": ""2024-05-24T12:12:08.932904451Z""}], ""settings"": {""data_rate"": {""lora"": {""bandwidth"": 125000, ""spreading_factor"": 7, ""coding_rate"": ""4/5""}}, ""frequency"": ""868500000"", ""timestamp"": 2373683523, ""time"": ""2024-05-24T12:12:52.085875988Z""}, ""received_at"": ""2024-05-24T12:12:08.961665188Z"", ""consumed_airtime"": ""0.097536s"", ""network_ids"": {""net_id"": ""000013"", ""ns_id"": ""EC656E0000000181"", ""tenant_id"": ""ttn"", ""cluster_id"": ""eu1"", ""cluster_address"": ""eu1.cloud.thethings.network""}}}",2024-05-24 12:12:09
23,v3/sensors-openlab@ttn/devices/q4-1003-7456/up,"{""end_device_ids"": {""device_id"": ""q4-1003-7456"", ""application_ids"": {""application_id"": ""sensors-openlab""}, ""dev_eui"": ""24E124128C147456"", ""join_eui"": ""24E124C0002A0001"", ""dev_addr"": ""260BBE81""}, ""correlation_ids"": [""gs:uplink:01HYN8A4BBEVW0Q53ZPB0W45TB""], ""received_at"": ""2024-05-24T12:13:18.788219510Z"", ""uplink_message"": {""session_key_id"": ""AY58bbuPeD1HJ7rVVxa1XQ=="", ""f_port"": 85, ""f_cnt"": 8584, ""frm_payload"": ""A2f3AARoWQZlOQBSAB0ABWoAAAd9HQIIff4BCXPmJg=="", ""decoded_payload"": {""activity"": 0, ""co2"": 541, ""humidity"": 44.5, ""illumination"": 57, ""infrared"": 29, ""infrared_and_visible"": 82, ""pressure"": 995.8, ""temperature"": 24.7, ""tvoc"": 510}, ""rx_metadata"": [{""gateway_ids"": {""gateway_id"": ""openlabs-cephis-gw1"", ""eui"": ""FCC23DFFFE0AB30E""}, ""time"": ""2024-05-24T12:14:01.695425033Z"", ""timestamp"": 2443293899, ""rssi"": -97, ""channel_rssi"": -97, ""snr"": 8.25, ""location"": {""latitude"": 41.500425927352076, ""longitude"": 2.111405432224274, ""altitude"": 152, ""source"": ""SOURCE_REGISTRY""}, ""uplink_token"": ""CiEKHwoTb3BlbmxhYnMtY2VwaGlzLWd3MRII/MI9//4Ksw4Qy+mGjQkaDAjeiMKyBhDgscWQAiD48aj9jeqbAQ=="", ""received_at"": ""2024-05-24T12:13:18.543833534Z""}], ""settings"": {""data_rate"": {""lora"": {""bandwidth"": 125000, ""spreading_factor"": 7, ""coding_rate"": ""4/5""}}, ""frequency"": ""867100000"", ""timestamp"": 2443293899, ""time"": ""2024-05-24T12:14:01.695425033Z""}, ""received_at"": ""2024-05-24T12:13:18.572312577Z"", ""consumed_airtime"": ""0.092416s"", ""network_ids"": {""net_id"": ""000013"", ""ns_id"": ""EC656E0000000181"", ""tenant_id"": ""ttn"", ""cluster_id"": ""eu1"", ""cluster_address"": ""eu1.cloud.thethings.network""}}}",2024-05-24 12:13:18
24,v3/sensors-openlab@ttn/devices/eui-24e124128c147500/up,"{""end_device_ids"": {""device_id"": ""eui-24e124128c147500"", ""application_ids"": {""application_id"": ""sensors-openlab""}, ""dev_eui"": ""24E124128C147500"", ""join_eui"": ""24E124C0002A0001"", ""dev_addr"": ""260B1914""}, ""correlation_ids"": [""gs:uplink:01HYN8B1BYZFZB31F8J7CZA5XQ""], ""received_at"": ""2024-05-24T12:13:48.498260843Z"", ""uplink_message"": {""session_key_id"": ""AY5wxgajO4DyAm9jmGa6bw=="", ""f_port"": 85, ""f_cnt"": 8821, ""frm_payload"": ""A2flAARoYQZlaABpAB0ABWoAAAd9FQIIfbwACXPpJg=="", ""decoded_payload"": {""activity"": 0, ""co2"": 533, ""humidity"": 48.5, ""illumination"": 104, ""infrared"": 29, ""infrared_and_visible"": 105, ""pressure"": 996.1, ""temperature"": 22.9, ""tvoc"": 188}, ""rx_metadata"": [{""gateway_ids"": {""gateway_id"": ""openlabs-cephis-gw1"", ""eui"": ""FCC23DFFFE0AB30E""}, ""time"": ""2024-05-24T12:14:31.407742977Z"", ""timestamp"": 2473005243, ""rssi"": -93, ""channel_rssi"": -93, ""snr"": 9.25, ""location"": {""latitude"": 41.500425927352076, ""longitude"": 2.111405432224274, ""altitude"": 152, ""source"": ""SOURCE_REGISTRY""}, ""uplink_token"": ""CiEKHwoTb3BlbmxhYnMtY2VwaGlzLWd3MRII/MI9//4Ksw4Qu6GcmwkaDAj8iMKyBhCPmciIASD4tOXU/OqbAQ=="", ""received_at"": ""2024-05-24T12:13:48.258615889Z""}], ""settings"": {""data_rate"": {""lora"": {""bandwidth"": 125000, ""spreading_factor"": 7, ""coding_rate"": ""4/5""}}, ""frequency"": ""868300000"", ""timestamp"": 2473005243, ""time"": ""2024-05-24T12:14:31.407742977Z""}, ""received_at"": ""2024-05-24T12:13:48.287381096Z"", ""consumed_airtime"": ""0.092416s"", ""network_ids"": {""net_id"": ""000013"", ""ns_id"": ""EC656E0000000181"", ""tenant_id"": ""ttn"", ""cluster_id"": ""eu1"", ""cluster_address"": ""eu1.cloud.thethings.network""}}}",2024-05-24 12:13:48
